{
  "graph:open-local": [
    {
      "modifiers": [
        "Mod",
        "Shift"
      ],
      "key": "G"
    }
  ],
  "editor:fold-all": [
    {
      "modifiers": [
        "Mod"
      ],
      "key": "H"
    }
  ],
  "editor:open-search-replace": [],
  "outline:open": [
    {
      "modifiers": [
        "Mod",
        "Shift"
      ],
      "key": "O"
    }
  ],
  "obsidian-git:push": [
    {
      "modifiers": [
        "Mod",
        "Shift"
      ],
      "key": "P"
    }
  ],
  "editor:unfold-all": [
    {
      "modifiers": [
        "Mod"
      ],
      "key": "U"
    }
  ],
  "editor:toggle-fold": [
    {
      "modifiers": [
        "Mod"
      ],
      "key": "ArrowDown"
    }
  ],
  "calendar:show-calendar-view": [
    {
      "modifiers": [
        "Mod",
        "Meta"
      ],
      "key": "C"
    }
  ],
  "app:toggle-left-sidebar": [
    {
      "modifiers": [
        "Alt"
      ],
      "key": "S"
    }
  ],
  "obsidian-footnotes:insert-footnote": [
    {
      "modifiers": [
        "Mod",
        "Shift"
      ],
      "key": "8"
    }
  ],
  "obsidian-tidy-footnotes:tidy-footnotes": [
    {
      "modifiers": [
        "Alt",
        "Mod"
      ],
      "key": "6"
    }
  ],
  "obsidian-citation-plugin:insert-citation": [],
  "app:delete-file": [
    {
      "modifiers": [
        "Alt",
        "Shift"
      ],
      "key": "Backspace"
    }
  ],
  "editor:toggle-checklist-status": [
    {
      "modifiers": [
        "Mod"
      ],
      "key": "Enter"
    }
  ],
  "editor:open-link-in-new-leaf": [
    {
      "modifiers": [
        "Alt"
      ],
      "key": "Enter"
    }
  ],
  "insert-template": [
    {
      "modifiers": [
        "Ctrl",
        "Mod"
      ],
      "key": "T"
    }
  ],
  "editor:swap-line-down": [
    {
      "modifiers": [
        "Alt"
      ],
      "key": "ArrowDown"
    }
  ],
  "editor:swap-line-up": [
    {
      "modifiers": [
        "Alt"
      ],
      "key": "ArrowUp"
    }
  ],
  "hotkeysplus-obsidian:duplicate-lines-down": [
    {
      "modifiers": [
        "Alt",
        "Shift"
      ],
      "key": "ArrowDown"
    }
  ],
  "obsidian-footnotes:insert-autonumbered-footnote": [
    {
      "modifiers": [
        "Mod",
        "Shift"
      ],
      "key": "8"
    }
  ],
  "obsidian-pandoc:pandoc-export-pdf": [
    {
      "modifiers": [
        "Alt",
        "Mod"
      ],
      "key": "P"
    }
  ],
  "obsidian-citation-plugin:insert-markdown-citation": [
    {
      "modifiers": [
        "Mod",
        "Shift"
      ],
      "key": "E"
    }
  ]
}